"full_name","name","pinyin","zipcode"
"北京Beijing010","北京","beijing","010"
"重庆Chongqing023","重庆","chongqing","023"
"上海Shanghai021","上海","shanghai","021"
"天津Tianjin022","天津","tianjin","022"
"长春Changchun0431","长春","changchun","0431"
"长沙Changsha0731","长沙","changsha","0731"
"常州Changzhou0519","常州","changzhou","0519"
"成都Chengdu028","成都","chengdu","028"
"大连Dalian0411","大连","dalian","0411"
"东莞Dongguan0769","东莞","dongguan","0769"
"佛山Foshan0757","佛山","foshan","0757"
"福州Fuzhou0591","福州","fuzhou","0591"
"广州Guangzhou020","广州","guangzhou","020"
"贵阳Guiyang0851","贵阳","guiyang","0851"
"哈尔滨Haerbin0451","哈尔滨","haerbin","0451"
"海口Haikou0898","海口","haikou","0898"
"邯郸Handan0310","邯郸","handan","0310"
"杭州Hangzhou0571","杭州","hangzhou","0571"
"合肥Hefei0551","合肥","hefei","0551"
"惠州Huizhou0752","惠州","huizhou","0752"
"焦作Jiaozuo0391","焦作","jiaozuo","0391"
"嘉兴Jiaxing0573","嘉兴","jiaxing","0573"
"吉林Jilin0423","吉林","jilin","0423"
"济南Jinan0531","济南","jinan","0531"
"昆明Kunming0871","昆明","kunming","0871"
"兰州Lanzhou0931","兰州","lanzhou","0931"
"柳州Liuzhou0772","柳州","liuzhou","0772"
"洛阳Luoyang0379","洛阳","luoyang","0379"
"南昌Nanchang0791","南昌","nanchang","0791"
"南京Nanjing025","南京","nanjing","025"
"南宁Nanning0771","南宁","nanning","0771"
"南通Nantong0513","南通","nantong","0513"
"宁波Ningbo0574","宁波","ningbo","0574"
"青岛Qingdao0532","青岛","qingdao","0532"
"泉州Quanzhou0595","泉州","quanzhou","0595"
"沈阳Shenyang024","沈阳","shenyang","024"
"深圳Shenzhen0755","深圳","shenzhen","0755"
"石家庄Shijiazhuang0311","石家庄","shijiazhuang","0311"
"苏州Suzhou0512","苏州","suzhou","0512"
"台州Taizhou0576","台州","taizhou","0576"
"唐山Tangshan0315","唐山","tangshan","0315"
"潍坊Weifang0536","潍坊","weifang","0536"
"威海Weihai0631","威海","weihai","0631"
"武汉Wuhan027","武汉","wuhan","027"
"无锡Wuxi0510","无锡","wuxi","0510"
"厦门Xiamen0592","厦门","xiamen","0592"
"西安Xian029","西安","xian","029"
"许昌Xuchang0374","许昌","xuchang","0374"
"徐州Xuzhou0516","徐州","xuzhou","0516"
"扬州Yangzhou0514","扬州","yangzhou","0514"
"烟台Yantai0535","烟台","yantai","0535"
"漳州Zhangzhou0596","漳州","zhangzhou","0596"
"郑州Zhengzhou0371","郑州","zhengzhou","0371"
"中山Zhongshan0760","中山","zhongshan","0760"
"珠海Zhuhai0756","珠海","zhuhai","0756"
"阿坝Aba0837","阿坝","aba","0837"
"阿克苏Akesu0997","阿克苏","akesu","0997"
"阿拉善盟Alashanmeng0483","阿拉善盟","alashanmeng","0483"
"阿勒泰Aletai0906","阿勒泰","aletai","0906"
"阿里Ali0897","阿里","ali","0897"
"安康Ankang0915","安康","ankang","0915"
"安庆Anqing0556","安庆","anqing","0556"
"鞍山Anshan0412","鞍山","anshan","0412"
"安顺Anshun0853","安顺","anshun","0853"
"安阳Anyang0372","安阳","anyang","0372"
"白城Baicheng0436","白城","baicheng","0436"
"百色Baise0776","百色","baise","0776"
"白山Baishan0439","白山","baishan","0439"
"白银Baiyin0943","白银","baiyin","0943"
"蚌埠Bangbu0552","蚌埠","bangbu","0552"
"保定Baoding0312","保定","baoding","0312"
"宝鸡Baoji0917","宝鸡","baoji","0917"
"保山Baoshan0875","保山","baoshan","0875"
"包头Baotou0472","包头","baotou","0472"
"巴彦淖尔Bayannaoer0478","巴彦淖尔","bayannaoer","0478"
"巴音郭楞Bayinguoleng0996","巴音郭楞","bayinguoleng","0996"
"巴中Bazhong0827","巴中","bazhong","0827"
"北海Beihai0779","北海","beihai","0779"
"本溪Benxi0414","本溪","benxi","0414"
"毕节Bijie0857","毕节","bijie","0857"
"滨州Binzhou0543","滨州","binzhou","0543"
"博尔塔拉Boertala0909","博尔塔拉","boertala","0909"
"亳州Bozhou0558","亳州","bozhou","0558"
"沧州Cangzhou0317","沧州","cangzhou","0317"
"常德Changde0736","常德","changde","0736"
"昌都Changdu0895","昌都","changdu","0895"
"昌吉Changji0997","昌吉","changji","0997"
"长治Changzhi0355","长治","changzhi","0355"
"巢湖Chaohu0565","巢湖","chaohu","0565"
"朝阳Chaoyang0421","朝阳","chaoyang","0421"
"潮州Chaozhou0768","潮州","chaozhou","0768"
"承德Chengde0314","承德","chengde","0314"
"郴州Chenzhou0735","郴州","chenzhou","0735"
"赤峰Chifeng0476","赤峰","chifeng","0476"
"池州Chizhou0566","池州","chizhou","0566"
"崇左Chongzuo0771","崇左","chongzuo","0771"
"楚雄Chuxiong0875","楚雄","chuxiong","0875"
"滁州Chuzhou0550","滁州","chuzhou","0550"
"大理Dali0872","大理","dali","0872"
"丹东Dandong0415","丹东","dandong","0415"
"大庆Daqing0459","大庆","daqing","0459"
"大同Datong0352","大同","datong","0352"
"大兴安岭Daxinganling0457","大兴安岭","daxinganling","0457"
"达州Dazhou0818","达州","dazhou","0818"
"德宏Dehong0692","德宏","dehong","0692"
"德阳Deyang0838","德阳","deyang","0838"
"德州Dezhou0534","德州","dezhou","0534"
"定西Dingxi0932","定西","dingxi","0932"
"迪庆Diqing0887","迪庆","diqing","0887"
"东营Dongying0546","东营","dongying","0546"
"鄂尔多斯Eerduosi0477","鄂尔多斯","eerduosi","0477"
"恩施Enshi0718","恩施","enshi","0718"
"鄂州Ezhou0711","鄂州","ezhou","0711"
"防城港Fangchenggang0770","防城港","fangchenggang","0770"
"抚顺Fushun0413","抚顺","fushun","0413"
"阜新Fuxin0418","阜新","fuxin","0418"
"阜阳Fuyang0558","阜阳","fuyang","0558"
"抚州Fuzhou0794","抚州","fuzhou","0794"
"甘南Gannan0941","甘南","gannan","0941"
"赣州Ganzhou0797","赣州","ganzhou","0797"
"甘孜Ganzi0836","甘孜","ganzi","0836"
"广安Guangan0826","广安","guangan","0826"
"广元Guangyuan0839","广元","guangyuan","0839"
"贵港Guigang0775","贵港","guigang","0775"
"桂林Guilin0773","桂林","guilin","0773"
"果洛Guoluo0975","果洛","guoluo","0975"
"固原Guyuan0954","固原","guyuan","0954"
"海北Haibei0970","海北","haibei","0970"
"海东Haidong0972","海东","haidong","0972"
"海南Hainan0974","海南","hainan","0974"
"海西Haixi0977","海西","haixi","0977"
"哈密Hami0902","哈密","hami","0902"
"汉中Hanzhong0916","汉中","hanzhong","0916"
"鹤壁Hebi0392","鹤壁","hebi","0392"
"河池Hechi0778","河池","hechi","0778"
"鹤岗Hegang0468","鹤岗","hegang","0468"
"黑河Heihe0456","黑河","heihe","0456"
"衡水Hengshui0318","衡水","hengshui","0318"
"衡阳Hengyang0734","衡阳","hengyang","0734"
"和田地Hetiandi0903","和田地","hetiandi","0903"
"河源Heyuan0762","河源","heyuan","0762"
"菏泽Heze0530","菏泽","heze","0530"
"贺州Hezhou0774","贺州","hezhou","0774"
"红河Honghe0873","红河","honghe","0873"
"淮安Huaian0517","淮安","huaian","0517"
"淮北Huaibei0561","淮北","huaibei","0561"
"怀化Huaihua0745","怀化","huaihua","0745"
"淮南Huainan0554","淮南","huainan","0554"
"黄冈Huanggang0713","黄冈","huanggang","0713"
"黄南Huangnan0973","黄南","huangnan","0973"
"黄山Huangshan0559","黄山","huangshan","0559"
"黄石Huangshi0714","黄石","huangshi","0714"
"呼和浩特Huhehaote0471","呼和浩特","huhehaote","0471"
"葫芦岛Huludao0429","葫芦岛","huludao","0429"
"呼伦贝尔Hulunbeier0470","呼伦贝尔","hulunbeier","0470"
"湖州Huzhou0572","湖州","huzhou","0572"
"佳木斯Jiamusi0454","佳木斯","jiamusi","0454"
"江门Jiangmen0750","江门","jiangmen","0750"
"吉安Jian0796","吉安","jian","0796"
"嘉峪关Jiayuguan0937","嘉峪关","jiayuguan","0937"
"揭阳Jieyang0663","揭阳","jieyang","0663"
"金昌Jinchang0935","金昌","jinchang","0935"
"晋城Jincheng0356","晋城","jincheng","0356"
"景德镇Jingdezhen0798","景德镇","jingdezhen","0798"
"荆门Jingmen0724","荆门","jingmen","0724"
"荆州Jingzhou0716","荆州","jingzhou","0716"
"金华Jinhua0579","金华","jinhua","0579"
"济宁Jining0537","济宁","jining","0537"
"晋中Jinzhong0354","晋中","jinzhong","0354"
"锦州Jinzhou0416","锦州","jinzhou","0416"
"九江Jiujiang0792","九江","jiujiang","0792"
"酒泉Jiuquan0937","酒泉","jiuquan","0937"
"鸡西Jixi0467","鸡西","jixi","0467"
"开封Kaifeng0378","开封","kaifeng","0378"
"喀什地Kashidi0998","喀什地","kashidi","0998"
"克拉玛依Kelamayi0990","克拉玛依","kelamayi","0990"
"克孜勒Kezile0908","克孜勒","kezile","0908"
"来宾Laibin0772","来宾","laibin","0772"
"莱芜Laiwu0634","莱芜","laiwu","0634"
"廊坊Langfang0316","廊坊","langfang","0316"
"拉萨Lasa0891","拉萨","lasa","0891"
"乐山Leshan0833","乐山","leshan","0833"
"凉山Liangshan0834","凉山","liangshan","0834"
"连云港Lianyungang0518","连云港","lianyungang","0518"
"聊城Liaocheng0635","聊城","liaocheng","0635"
"辽阳Liaoyang0419","辽阳","liaoyang","0419"
"辽源Liaoyuan0437","辽源","liaoyuan","0437"
"丽江Lijiang0888","丽江","lijiang","0888"
"临沧Lincang0883","临沧","lincang","0883"
"临汾Linfen0357","临汾","linfen","0357"
"临夏Linxia0930","临夏","linxia","0930"
"临沂Linyi0539","临沂","linyi","0539"
"林芝Linzhi0894","林芝","linzhi","0894"
"丽水Lishui0578","丽水","lishui","0578"
"六安Liuan0564","六安","liuan","0564"
"六盘水Liupanshui0858","六盘水","liupanshui","0858"
"陇南Longnan0939","陇南","longnan","0939"
"龙岩Longyan0597","龙岩","longyan","0597"
"娄底Loudi0738","娄底","loudi","0738"
"漯河Luohe0395","漯河","luohe","0395"
"泸州Luzhou0830","泸州","luzhou","0830"
"吕梁Lvliang0358","吕梁","lvliang","0358"
"马鞍山Maanshan0555","马鞍山","maanshan","0555"
"茂名Maoming0668","茂名","maoming","0668"
"眉山Meishan028","眉山","meishan","028"
"梅州Meizhou0753","梅州","meizhou","0753"
"绵阳Mianyang0816","绵阳","mianyang","0816"
"牡丹江Mudanjiang0453","牡丹江","mudanjiang","0453"
"南充Nanchong0817","南充","nanchong","0817"
"南平Nanping0599","南平","nanping","0599"
"南阳Nanyang0377","南阳","nanyang","0377"
"那曲Naqu0896","那曲","naqu","0896"
"内江Neijiang0832","内江","neijiang","0832"
"宁德Ningde0593","宁德","ningde","0593"
"怒江Nujiang0886","怒江","nujiang","0886"
"盘锦Panjin0427","盘锦","panjin","0427"
"攀枝花Panzhihua0812","攀枝花","panzhihua","0812"
"平顶山Pingdingshan0375","平顶山","pingdingshan","0375"
"平凉Pingliang0933","平凉","pingliang","0933"
"萍乡Pingxiang0799","萍乡","pingxiang","0799"
"普洱Puer0879","普洱","puer","0879"
"莆田Putian0594","莆田","putian","0594"
"濮阳Puyang0393","濮阳","puyang","0393"
"黔东Qiandong0855","黔东","qiandong","0855"
"黔南Qiannan0854","黔南","qiannan","0854"
"黔西南Qianxinan0859","黔西南","qianxinan","0859"
"庆阳Qingyang0934","庆阳","qingyang","0934"
"清远Qingyuan0763","清远","qingyuan","0763"
"秦皇岛Qinhuangdao0335","秦皇岛","qinhuangdao","0335"
"钦州Qinzhou0777","钦州","qinzhou","0777"
"齐齐哈尔Qiqihaer0452","齐齐哈尔","qiqihaer","0452"
"七台河Qitaihe0464","七台河","qitaihe","0464"
"曲靖Qujing0874","曲靖","qujing","0874"
"衢州Quzhou0570","衢州","quzhou","0570"
"日喀则Rikaze0892","日喀则","rikaze","0892"
"日照Rizhao0633","日照","rizhao","0633"
"三门峡Sanmenxia0398","三门峡","sanmenxia","0398"
"三明Sanming0598","三明","sanming","0598"
"三亚Sanya0899","三亚","sanya","0899"
"商洛Shangluo0914","商洛","shangluo","0914"
"商丘Shangqiu0370","商丘","shangqiu","0370"
"上饶Shangrao0793","上饶","shangrao","0793"
"山南Shannan0893","山南","shannan","0893"
"汕头Shantou0754","汕头","shantou","0754"
"汕尾Shanwei0660","汕尾","shanwei","0660"
"韶关Shaoguan0751","韶关","shaoguan","0751"
"绍兴Shaoxing0575","绍兴","shaoxing","0575"
"邵阳Shaoyang0739","邵阳","shaoyang","0739"
"十堰Shiyan0719","十堰","shiyan","0719"
"石嘴山Shizuishan0952","石嘴山","shizuishan","0952"
"双鸭山Shuangyashan0469","双鸭山","shuangyashan","0469"
"朔州Shuozhou0349","朔州","shuozhou","0349"
"四平Siping0434","四平","siping","0434"
"松原Songyuan0438","松原","songyuan","0438"
"绥化Suihua0455","绥化","suihua","0455"
"遂宁Suining0825","遂宁","suining","0825"
"随州Suizhou0722","随州","suizhou","0722"
"宿迁Suqian0527","宿迁","suqian","0527"
"宿州Suzhou0557","宿州","suzhou","0557"
"塔城地Tachengdi0901","塔城地","tachengdi","0901"
"泰安Taian0538","泰安","taian","0538"
"太原Taiyuan0351","太原","taiyuan","0351"
"泰州Taizhou0523","泰州","taizhou","0523"
"天水Tianshui0938","天水","tianshui","0938"
"铁岭Tieling0410","铁岭","tieling","0410"
"铜川Tongchuan0919","铜川","tongchuan","0919"
"通化Tonghua0435","通化","tonghua","0435"
"通辽Tongliao0475","通辽","tongliao","0475"
"铜陵Tongling0562","铜陵","tongling","0562"
"铜仁Tongren0856","铜仁","tongren","0856"
"吐鲁番Tulufan0995","吐鲁番","tulufan","0995"
"渭南Weinan0913","渭南","weinan","0913"
"文山Wenshan0876","文山","wenshan","0876"
"温州Wenzhou0577","温州","wenzhou","0577"
"乌海Wuhai0473","乌海","wuhai","0473"
"芜湖Wuhu0553","芜湖","wuhu","0553"
"乌兰察布Wulanchabu0474","乌兰察布","wulanchabu","0474"
"乌鲁木齐Wulumuqi0991","乌鲁木齐","wulumuqi","0991"
"武威Wuwei0935","武威","wuwei","0935"
"吴忠Wuzhong0953","吴忠","wuzhong","0953"
"梧州Wuzhou0774","梧州","wuzhou","0774"
"襄樊Xiangfan0710","襄樊","xiangfan","0710"
"湘潭Xiangtan0732","湘潭","xiangtan","0732"
"湘西Xiangxi0743","湘西","xiangxi","0743"
"咸宁Xianning0715","咸宁","xianning","0715"
"咸阳Xianyang029","咸阳","xianyang","029"
"孝感Xiaogan0712","孝感","xiaogan","0712"
"锡林郭勒盟Xilinguolemeng0479","锡林郭勒盟","xilinguolemeng","0479"
"兴安盟Xinganmeng0482","兴安盟","xinganmeng","0482"
"邢台Xingtai0319","邢台","xingtai","0319"
"西宁Xining0971","西宁","xining","0971"
"新乡Xinxiang0373","新乡","xinxiang","0373"
"信阳Xinyang0376","信阳","xinyang","0376"
"新余Xinyu0790","新余","xinyu","0790"
"忻州Xinzhou0350","忻州","xinzhou","0350"
"西双版纳Xishuangbanna0691","西双版纳","xishuangbanna","0691"
"宣城Xuancheng0563","宣城","xuancheng","0563"
"雅安Yaan0835","雅安","yaan","0835"
"延安Yanan0911","延安","yanan","0911"
"延边Yanbian0433","延边","yanbian","0433"
"盐城Yancheng0515","盐城","yancheng","0515"
"阳江Yangjiang0662","阳江","yangjiang","0662"
"阳泉Yangquan0353","阳泉","yangquan","0353"
"宜宾Yibin0831","宜宾","yibin","0831"
"宜昌Yichang0717","宜昌","yichang","0717"
"伊春Yichun0458","伊春","yichun","0458"
"宜春Yichun0795","宜春","yichun","0795"
"伊犁哈萨克Yilihasake0999","伊犁哈萨克","yilihasake","0999"
"银川Yinchuan0951","银川","yinchuan","0951"
"营口Yingkou0417","营口","yingkou","0417"
"鹰潭Yingtan0701","鹰潭","yingtan","0701"
"益阳Yiyang0737","益阳","yiyang","0737"
"永州Yongzhou0746","永州","yongzhou","0746"
"岳阳Yueyang0730","岳阳","yueyang","0730"
"玉林Yulin0775","玉林","yulin","0775"
"榆林Yulin0912","榆林","yulin","0912"
"运城Yuncheng0359","运城","yuncheng","0359"
"云浮Yunfu0766","云浮","yunfu","0766"
"玉树Yushu0976","玉树","yushu","0976"
"玉溪Yuxi0877","玉溪","yuxi","0877"
"枣庄Zaozhuang0623","枣庄","zaozhuang","0623"
"张家界Zhangjiajie0744","张家界","zhangjiajie","0744"
"张家口Zhangjiakou0313","张家口","zhangjiakou","0313"
"张掖Zhangye0936","张掖","zhangye","0936"
"湛江Zhanjiang0759","湛江","zhanjiang","0759"
"肇庆Zhaoqing0758","肇庆","zhaoqing","0758"
"昭通Zhaotong0870","昭通","zhaotong","0870"
"镇江Zhenjiang0511","镇江","zhenjiang","0511"
"中卫Zhongwei0955","中卫","zhongwei","0955"
"周口Zhoukou0394","周口","zhoukou","0394"
"舟山Zhoushan0580","舟山","zhoushan","0580"
"驻马店Zhumadian0396","驻马店","zhumadian","0396"
"株洲Zhuzhou0731","株洲","zhuzhou","0731"
"淄博Zibo0533","淄博","zibo","0533"
"自贡Zigong0813","自贡","zigong","0813"
"资阳Ziyang028","资阳","ziyang","028"
"遵义Zunyi0852","遵义","zunyi","0852"
"阿城Acheng0451","阿城","acheng","0451"
"安福Anfu0796","安福","anfu","0796"
"安吉Anji0572","安吉","anji","0572"
"安宁Anning0871","安宁","anning","0871"
"安丘Anqiu0536","安丘","anqiu","0536"
"安溪Anxi0595","安溪","anxi","0595"
"安义Anyi0791","安义","anyi","0791"
"安远Anyuan0797","安远","anyuan","0797"
"宝应Baoying0514","宝应","baoying","0514"
"巴彦Bayan0451","巴彦","bayan","0451"
"滨海Binhai0515","滨海","binhai","0515"
"宾县Binxian0451","宾县","binxian","0451"
"宾阳Binyang0771","宾阳","binyang","0771"
"璧山Bishan023","璧山","bishan","023"
"博爱Boai0391","博爱","boai","0391"
"博罗Boluo0752","博罗","boluo","0752"
"博兴Boxing0543","博兴","boxing","0543"
"苍南Cangnan0577","苍南","cangnan","0577"
"苍山Cangshan0539","苍山","cangshan","0539"
"曹县Caoxian0530","曹县","caoxian","0530"
"长岛Changdao0535","长岛","changdao","0535"
"长丰Changfeng0551","长丰","changfeng","0551"
"长海Changhai0411","长海","changhai","0411"
"长乐Changle0591","长乐","changle","0591"
"昌乐Changle0536","昌乐","changle","0536"
"常山Changshan0570","常山","changshan","0570"
"常熟Changshu0512","常熟","changshu","0512"
"长泰Changtai0596","长泰","changtai","0596"
"长汀Changting0597","长汀","changting","0597"
"长兴Changxing0572","长兴","changxing","0572"
"昌邑Changyi0536","昌邑","changyi","0536"
"潮安Chaoan0768","潮安","chaoan","0768"
"呈贡Chenggong0871","呈贡","chenggong","0871"
"城口Chengkou023","城口","chengkou","023"
"成武Chengwu0530","成武","chengwu","0530"
"茌平Chiping0635","茌平","chiping","0635"
"崇仁Chongren0794","崇仁","chongren","0794"
"崇义Chongyi0797","崇义","chongyi","0797"
"崇州Chongzhou028","崇州","chongzhou","028"
"淳安Chunan0571","淳安","chunan","0571"
"慈溪Cixi0574","慈溪","cixi","0574"
"从化Conghua020","从化","conghua","020"
"枞阳Congyang0556","枞阳","congyang","0556"
"大丰Dafeng0515","大丰","dafeng","0515"
"岱山Daishan0580","岱山","daishan","0580"
"砀山Dangshan0557","砀山","dangshan","0557"
"当涂Dangtu0555","当涂","dangtu","0555"
"单县Danxian0530","单县","danxian","0530"
"丹阳Danyang0511","丹阳","danyang","0511"
"大埔Dapu0753","大埔","dapu","0753"
"大田Datian0598","大田","datian","0598"
"大邑Dayi028","大邑","dayi","028"
"大余Dayu0797","大余","dayu","0797"
"大足Dazu023","大足","dazu","023"
"德安Dean0792","德安","dean","0792"
"德化Dehua0595","德化","dehua","0595"
"德惠Dehui0431","德惠","dehui","0431"
"登封Dengfeng0371","登封","dengfeng","0371"
"德清Deqing0572","德清","deqing","0572"
"德庆Deqing0758","德庆","deqing","0758"
"德兴Dexing0793","德兴","dexing","0793"
"电白Dianbai0668","电白","dianbai","0668"
"垫江Dianjiang023","垫江","dianjiang","023"
"定南Dingnan0797","定南","dingnan","0797"
"定陶Dingtao0530","定陶","dingtao","0530"
"定远Dingyuan0550","定远","dingyuan","0550"
"东阿Donga0635","东阿","donga","0635"
"东海Donghai0518","东海","donghai","0518"
"东明Dongming0530","东明","dongming","0530"
"东平Dongping0538","东平","dongping","0538"
"东山Dongshan0596","东山","dongshan","0596"
"东台Dongtai0515","东台","dongtai","0515"
"洞头Dongtou0577","洞头","dongtou","0577"
"东乡Dongxiang0794","东乡","dongxiang","0794"
"东阳Dongyang0579","东阳","dongyang","0579"
"东源Dongyuan0762","东源","dongyuan","0762"
"东至Dongzhi0566","东至","dongzhi","0566"
"都昌Duchang0792","都昌","duchang","0792"
"都江堰Dujiangyan028","都江堰","dujiangyan","028"
"恩平Enping0750","恩平","enping","0750"
"法库Faku024","法库","faku","024"
"繁昌Fanchang0553","繁昌","fanchang","0553"
"方正Fangzheng0451","方正","fangzheng","0451"
"肥城Feicheng0538","肥城","feicheng","0538"
"肥东Feidong0551","肥东","feidong","0551"
"肥西Feixi0551","肥西","feixi","0551"
"费县Feixian0539","费县","feixian","0539"
"丰城Fengcheng0795","丰城","fengcheng","0795"
"丰都Fengdu023","丰都","fengdu","023"
"奉化Fenghua0574","奉化","fenghua","0574"
"奉节Fengjie023","奉节","fengjie","023"
"封开Fengkai0758","封开","fengkai","0758"
"丰顺Fengshun0753","丰顺","fengshun","0753"
"凤台Fengtai0554","凤台","fengtai","0554"
"丰县Fengxian0516","丰县","fengxian","0516"
"奉新Fengxin0795","奉新","fengxin","0795"
"凤阳Fengyang0550","凤阳","fengyang","0550"
"分宜Fenyi0790","分宜","fenyi","0790"
"佛冈Fogang0763","佛冈","fogang","0763"
"福安Fuan0593","福安","fuan","0593"
"福鼎Fuding0593","福鼎","fuding","0593"
"浮梁Fuliang0798","浮梁","fuliang","0798"
"富民Fumin0871","富民","fumin","0871"
"阜南Funan0558","阜南","funan","0558"
"阜宁Funing0515","阜宁","funing","0515"
"福清Fuqing0591","福清","fuqing","0591"
"富阳Fuyang0571","富阳","fuyang","0571"
"赣县Ganxian0797","赣县","ganxian","0797"
"赣榆Ganyu0518","赣榆","ganyu","0518"
"高安Gaoan0795","高安","gaoan","0795"
"藁城Gaocheng0311","藁城","gaocheng","0311"
"高淳Gaochun025","高淳","gaochun","025"
"皋兰Gaolan0931","皋兰","gaolan","0931"
"高陵Gaoling029","高陵","gaoling","029"
"高密Gaomi0536","高密","gaomi","0536"
"高青Gaoqing0533","高青","gaoqing","0533"
"高唐Gaotang0635","高唐","gaotang","0635"
"高要Gaoyao0758","高要","gaoyao","0758"
"高邑Gaoyi0311","高邑","gaoyi","0311"
"高邮Gaoyou0514","高邮","gaoyou","0514"
"高州Gaozhou0668","高州","gaozhou","0668"
"巩义Gongyi0371","巩义","gongyi","0371"
"广昌Guangchang0794","广昌","guangchang","0794"
"广德Guangde0563","广德","guangde","0563"
"广丰Guangfeng0793","广丰","guangfeng","0793"
"广宁Guangning0758","广宁","guangning","0758"
"广饶Guangrao0546","广饶","guangrao","0546"
"光泽Guangze0599","光泽","guangze","0599"
"灌南Guannan0518","灌南","guannan","0518"
"冠县Guanxian0635","冠县","guanxian","0635"
"灌云Guanyun0518","灌云","guanyun","0518"
"贵溪Guixi0701","贵溪","guixi","0701"
"古田Gutian0593","古田","gutian","0593"
"固镇Guzhen0552","固镇","guzhen","0552"
"海安Haian0513","海安","haian","0513"
"海丰Haifeng0660","海丰","haifeng","0660"
"海门Haimen0513","海门","haimen","0513"
"海宁Haining0573","海宁","haining","0573"
"海盐Haiyan0573","海盐","haiyan","0573"
"海阳Haiyang0535","海阳","haiyang","0535"
"含山Hanshan0565","含山","hanshan","0565"
"合川Hechuan023","合川","hechuan","023"
"横峰Hengfeng0793","横峰","hengfeng","0793"
"横县Hengxian0771","横县","hengxian","0771"
"和平Heping0762","和平","heping","0762"
"鹤山Heshan0750","鹤山","heshan","0750"
"和县Hexian0565","和县","hexian","0565"
"洪泽Hongze0517","洪泽","hongze","0517"
"华安Huaan0596","华安","huaan","0596"
"桦甸Huadian0423","桦甸","huadian","0423"
"怀集Huaiji0758","怀集","huaiji","0758"
"怀宁Huaining0556","怀宁","huaining","0556"
"怀远Huaiyuan0552","怀远","huaiyuan","0552"
"桓台Huantai0533","桓台","huantai","0533"
"化州Huazhou0668","化州","huazhou","0668"
"惠安Huian0595","惠安","huian","0595"
"会昌Huichang0797","会昌","huichang","0797"
"惠东Huidong0752","惠东","huidong","0752"
"惠来Huilai0663","惠来","huilai","0663"
"惠民Huimin0543","惠民","huimin","0543"
"湖口Hukou0792","湖口","hukou","0792"
"呼兰Hulan0451","呼兰","hulan","0451"
"霍邱Huoqiu0564","霍邱","huoqiu","0564"
"霍山Huoshan0564","霍山","huoshan","0564"
"户县Huxian029","户县","huxian","029"
"建德Jiande0571","建德","jiande","0571"
"江都Jiangdu0514","江都","jiangdu","0514"
"江津Jiangjin023","江津","jiangjin","023"
"将乐Jiangle0598","将乐","jiangle","0598"
"江山Jiangshan0570","江山","jiangshan","0570"
"姜堰Jiangyan0523","姜堰","jiangyan","0523"
"江阴Jiangyin0510","江阴","jiangyin","0510"
"建湖Jianhu0515","建湖","jianhu","0515"
"建宁Jianning0598","建宁","jianning","0598"
"建瓯Jianou0599","建瓯","jianou","0599"
"建阳Jianyang0599","建阳","jianyang","0599"
"吉安Jian0796","吉安","jian","0796"
"蛟河Jiaohe0423","蛟河","jiaohe","0423"
"蕉岭Jiaoling0753","蕉岭","jiaoling","0753"
"胶南Jiaonan0532","胶南","jiaonan","0532"
"胶州Jiaozhou0532","胶州","jiaozhou","0532"
"嘉善Jiashan0573","嘉善","jiashan","0573"
"嘉祥Jiaxiang0537","嘉祥","jiaxiang","0537"
"揭东Jiedong0663","揭东","jiedong","0663"
"界首Jieshou0558","界首","jieshou","0558"
"揭西Jiexi0663","揭西","jiexi","0663"
"即墨Jimo0532","即墨","jimo","0532"
"靖安Jingan0795","靖安","jingan","0795"
"旌德Jingde0563","旌德","jingde","0563"
"井冈山Jinggangshan0796","井冈山","jinggangshan","0796"
"靖江Jingjiang0523","靖江","jingjiang","0523"
"景宁Jingning0578","景宁","jingning","0578"
"泾县Jingxian0563","泾县","jingxian","0563"
"井陉Jingxing0311","井陉","jingxing","0311"
"金湖Jinhu0517","金湖","jinhu","0517"
"晋江Jinjiang0595","晋江","jinjiang","0595"
"金门Jinmen0595","金门","jinmen","0595"
"晋宁Jinning0871","晋宁","jinning","0871"
"金坛Jintan0519","金坛","jintan","0519"
"金堂Jintang028","金堂","jintang","028"
"进贤Jinxian0791","进贤","jinxian","0791"
"金溪Jinxi0794","金溪","jinxi","0794"
"金乡Jinxiang0537","金乡","jinxiang","0537"
"缙云Jinyun0578","缙云","jinyun","0578"
"金寨Jinzhai0564","金寨","jinzhai","0564"
"晋州Jinzhou0311","晋州","jinzhou","0311"
"吉水Jishui0796","吉水","jishui","0796"
"九江Jiujiang0792","九江","jiujiang","0792"
"九台Jiutai0431","九台","jiutai","0431"
"绩溪Jixi0563","绩溪","jixi","0563"
"济阳Jiyang0531","济阳","jiyang","0531"
"济源Jiyuan0391","济源","jiyuan","0391"
"鄄城Juancheng0530","鄄城","juancheng","0530"
"莒南Junan0539","莒南","junan","0539"
"句容Jurong0511","句容","jurong","0511"
"莒县Juxian0633","莒县","juxian","0633"
"巨野Juye0530","巨野","juye","0530"
"开化Kaihua0570","开化","kaihua","0570"
"开平Kaiping0750","开平","kaiping","0750"
"开县Kaixian023","开县","kaixian","023"
"开阳Kaiyang0851","开阳","kaiyang","0851"
"康平Kangping024","康平","kangping","024"
"垦利Kenli0546","垦利","kenli","0546"
"昆山Kunshan0512","昆山","kunshan","0512"
"来安Laian0550","来安","laian","0550"
"莱西Laixi0532","莱西","laixi","0532"
"莱阳Laiyang0535","莱阳","laiyang","0535"
"莱州Laizhou0535","莱州","laizhou","0535"
"郎溪Langxi0563","郎溪","langxi","0563"
"蓝田Lantian029","蓝田","lantian","029"
"兰溪Lanxi0579","兰溪","lanxi","0579"
"乐安Lean0794","乐安","lean","0794"
"乐昌Lechang0751","乐昌","lechang","0751"
"雷州Leizhou0759","雷州","leizhou","0759"
"乐陵Leling0534","乐陵","leling","0534"
"乐平Leping0798","乐平","leping","0798"
"乐清Leqing0577","乐清","leqing","0577"
"乐亭Leting0315","乐亭","leting","0315"
"连城Liancheng0597","连城","liancheng","0597"
"梁平Liangping023","梁平","liangping","023"
"梁山Liangshan0537","梁山","liangshan","0537"
"莲花Lianhua0799","莲花","lianhua","0799"
"连江Lianjiang0591","连江","lianjiang","0591"
"廉江Lianjiang0759","廉江","lianjiang","0759"
"连南Liannan0763","连南","liannan","0763"
"连平Lianping0762","连平","lianping","0762"
"连山Lianshan0763","连山","lianshan","0763"
"涟水Lianshui0517","涟水","lianshui","0517"
"连州Lianzhou0763","连州","lianzhou","0763"
"辽中Liaozhong024","辽中","liaozhong","024"
"黎川Lichuan0794","黎川","lichuan","0794"
"利津Lijin0546","利津","lijin","0546"
"临安Linan0571","临安","linan","0571"
"灵璧Lingbi0557","灵璧","lingbi","0557"
"灵寿Lingshou0311","灵寿","lingshou","0311"
"陵县Lingxian0534","陵县","lingxian","0534"
"临海Linhai0576","临海","linhai","0576"
"临清Linqing0635","临清","linqing","0635"
"临泉Linquan0558","临泉","linquan","0558"
"临朐Linqu0536","临朐","linqu","0536"
"临沭Linshu0539","临沭","linshu","0539"
"临邑Linyi0534","临邑","linyi","0534"
"溧水Lishui025","溧水","lishui","025"
"柳城Liucheng0772","柳城","liucheng","0772"
"柳江Liujiang0772","柳江","liujiang","0772"
"浏阳Liuyang0731","浏阳","liuyang","0731"
"利辛Lixin0558","利辛","lixin","0558"
"溧阳Liyang0519","溧阳","liyang","0519"
"隆安Longan0771","隆安","longan","0771"
"龙川Longchuan0762","龙川","longchuan","0762"
"龙海Longhai0596","龙海","longhai","0596"
"龙口Longkou0535","龙口","longkou","0535"
"龙门Longmen0752","龙门","longmen","0752"
"龙南Longnan0797","龙南","longnan","0797"
"龙泉Longquan0578","龙泉","longquan","0578"
"龙游Longyou0570","龙游","longyou","0570"
"栾城Luancheng0311","栾城","luancheng","0311"
"栾川Luanchuan0379","栾川","luanchuan","0379"
"滦南Luannan0315","滦南","luannan","0315"
"滦县Luanxian0315","滦县","luanxian","0315"
"陆丰Lufeng0660","陆丰","lufeng","0660"
"陆河Luhe0660","陆河","luhe","0660"
"庐江Lujiang0565","庐江","lujiang","0565"
"罗定Luoding0766","罗定","luoding","0766"
"洛宁Luoning0379","洛宁","luoning","0379"
"罗源Luoyuan0591","罗源","luoyuan","0591"
"鹿泉Luquan0311","鹿泉","luquan","0311"
"禄劝Luquan0871","禄劝","luquan","0871"
"芦溪Luxi0799","芦溪","luxi","0799"
"鹿寨Luzhai0772","鹿寨","luzhai","0772"
"马山Mashan0771","马山","mashan","0771"
"梅县Meixian0753","梅县","meixian","0753"
"蒙城Mengcheng0558","蒙城","mengcheng","0558"
"孟津Mengjin0379","孟津","mengjin","0379"
"蒙阴Mengyin0539","蒙阴","mengyin","0539"
"孟州Mengzhou0391","孟州","mengzhou","0391"
"明光Mingguang0550","明光","mingguang","0550"
"明溪Mingxi0598","明溪","mingxi","0598"
"闽侯Minhou0591","闽侯","minhou","0591"
"闽清Minqing0591","闽清","minqing","0591"
"木兰Mulan0451","木兰","mulan","0451"
"南安Nanan0595","南安","nanan","0595"
"南澳Nanao0754","南澳","nanao","0754"
"南城Nancheng0794","南城","nancheng","0794"
"南川Nanchuan023","南川","nanchuan","023"
"南丰Nanfeng0794","南丰","nanfeng","0794"
"南靖Nanjing0596","南靖","nanjing","0596"
"南康Nankang0797","南康","nankang","0797"
"南陵Nanling0553","南陵","nanling","0553"
"南雄Nanxiong0751","南雄","nanxiong","0751"
"宁都Ningdu0797","宁都","ningdu","0797"
"宁国Ningguo0563","宁国","ningguo","0563"
"宁海Ninghai0574","宁海","ninghai","0574"
"宁化Ninghua0598","宁化","ninghua","0598"
"宁津Ningjin0534","宁津","ningjin","0534"
"宁乡Ningxiang0731","宁乡","ningxiang","0731"
"宁阳Ningyang0538","宁阳","ningyang","0538"
"农安Nongan0431","农安","nongan","0431"
"磐安Panan0579","磐安","panan","0579"
"磐石Panshi0423","磐石","panshi","0423"
"沛县Peixian0516","沛县","peixian","0516"
"蓬莱Penglai0535","蓬莱","penglai","0535"
"彭水Pengshui023","彭水","pengshui","023"
"彭泽Pengze0792","彭泽","pengze","0792"
"彭州Pengzhou028","彭州","pengzhou","028"
"平度Pingdu0532","平度","pingdu","0532"
"平和Pinghe0596","平和","pinghe","0596"
"平湖Pinghu0573","平湖","pinghu","0573"
"屏南Pingnan0593","屏南","pingnan","0593"
"平山Pingshan0311","平山","pingshan","0311"
"平潭Pingtan0591","平潭","pingtan","0591"
"平阳Pingyang0577","平阳","pingyang","0577"
"平阴Pingyin0531","平阴","pingyin","0531"
"平邑Pingyi0539","平邑","pingyi","0539"
"平原Pingyuan0534","平原","pingyuan","0534"
"平远Pingyuan0753","平远","pingyuan","0753"
"郫县Pixian028","郫县","pixian","028"
"邳州Pizhou0516","邳州","pizhou","0516"
"鄱阳Poyang0793","鄱阳","poyang","0793"
"浦城Pucheng0599","浦城","pucheng","0599"
"浦江Pujiang0579","浦江","pujiang","0579"
"蒲江Pujiang028","蒲江","pujiang","028"
"普兰店Pulandian0411","普兰店","pulandian","0411"
"普宁Puning0663","普宁","puning","0663"
"迁安Qianan0315","迁安","qianan","0315"
"潜山Qianshan0556","潜山","qianshan","0556"
"铅山Qianshan0793","铅山","qianshan","0793"
"迁西Qianxi0315","迁西","qianxi","0315"
"启东Qidong0513","启东","qidong","0513"
"齐河Qihe0534","齐河","qihe","0534"
"綦江Qijiang023","綦江","qijiang","023"
"祁门Qimen0559","祁门","qimen","0559"
"清流Qingliu0598","清流","qingliu","0598"
"青田Qingtian0578","青田","qingtian","0578"
"清新Qingxin0763","清新","qingxin","0763"
"青阳Qingyang0566","青阳","qingyang","0566"
"庆元Qingyuan0578","庆元","qingyuan","0578"
"庆云Qingyun0534","庆云","qingyun","0534"
"清镇Qingzhen0851","清镇","qingzhen","0851"
"青州Qingzhou0536","青州","qingzhou","0536"
"沁阳Qinyang0391","沁阳","qinyang","0391"
"邛崃Qionglai028","邛崃","qionglai","028"
"栖霞Qixia0535","栖霞","qixia","0535"
"全椒Quanjiao0550","全椒","quanjiao","0550"
"全南Quannan0797","全南","quannan","0797"
"曲阜Qufu0537","曲阜","qufu","0537"
"曲江Qujiang0751","曲江","qujiang","0751"
"饶平Raoping0768","饶平","raoping","0768"
"仁化Renhua0751","仁化","renhua","0751"
"融安Rongan0772","融安","rongan","0772"
"荣昌Rongchang023","荣昌","rongchang","023"
"荣成Rongcheng0631","荣成","rongcheng","0631"
"融水Rongshui0772","融水","rongshui","0772"
"如东Rudong0513","如东","rudong","0513"
"如皋Rugao0513","如皋","rugao","0513"
"瑞安Ruian0577","瑞安","ruian","0577"
"瑞昌Ruichang0792","瑞昌","ruichang","0792"
"瑞金Ruijin0797","瑞金","ruijin","0797"
"乳山Rushan0631","乳山","rushan","0631"
"汝阳Ruyang0379","汝阳","ruyang","0379"
"乳源Ruyuan0751","乳源","ruyuan","0751"
"三江Sanjiang0772","三江","sanjiang","0772"
"三门Sanmen0576","三门","sanmen","0576"
"诏安Saoan0596","诏安","saoan","0596"
"上高Shanggao0795","上高","shanggao","0795"
"上杭Shanghang0597","上杭","shanghang","0597"
"商河Shanghe0531","商河","shanghe","0531"
"上栗Shangli0799","上栗","shangli","0799"
"上林Shanglin0771","上林","shanglin","0771"
"上饶Shangrao0793","上饶","shangrao","0793"
"上犹Shangyou0797","上犹","shangyou","0797"
"上虞Shangyu0575","上虞","shangyu","0575"
"尚志Shangzhi0451","尚志","shangzhi","0451"
"邵武Shaowu0599","邵武","shaowu","0599"
"绍兴Shaoxing0575","绍兴","shaoxing","0575"
"沙县Shaxian0598","沙县","shaxian","0598"
"嵊泗Shengsi0580","嵊泗","shengsi","0580"
"嵊州Shengzhou0575","嵊州","shengzhou","0575"
"莘县Shenxian0635","莘县","shenxian","0635"
"深泽Shenze0311","深泽","shenze","0311"
"歙县Shexian0559","歙县","shexian","0559"
"射阳Sheyang0515","射阳","sheyang","0515"
"石城Shicheng0797","石城","shicheng","0797"
"石林Shilin0871","石林","shilin","0871"
"石狮Shishi0595","石狮","shishi","0595"
"石台Shitai0566","石台","shitai","0566"
"始兴Shixing0751","始兴","shixing","0751"
"石柱Shizhu023","石柱","shizhu","023"
"寿光Shouguang0536","寿光","shouguang","0536"
"寿宁Shouning0593","寿宁","shouning","0593"
"寿县Shouxian0564","寿县","shouxian","0564"
"双城Shuangcheng0451","双城","shuangcheng","0451"
"双流Shuangliu028","双流","shuangliu","028"
"舒城Shucheng0564","舒城","shucheng","0564"
"舒兰Shulan0423","舒兰","shulan","0423"
"顺昌Shunchang0599","顺昌","shunchang","0599"
"沭阳Shuyang0527","沭阳","shuyang","0527"
"泗洪Sihong0527","泗洪","sihong","0527"
"四会Sihui0758","四会","sihui","0758"
"泗水Sishui0537","泗水","sishui","0537"
"泗县Sixian0557","泗县","sixian","0557"
"泗阳Siyang0527","泗阳","siyang","0527"
"嵩明Songming0871","嵩明","songming","0871"
"松溪Songxi0599","松溪","songxi","0599"
"嵩县Songxian0379","嵩县","songxian","0379"
"松阳Songyang0578","松阳","songyang","0578"
"遂昌Suichang0578","遂昌","suichang","0578"
"遂川Suichuan0796","遂川","suichuan","0796"
"睢宁Suining0516","睢宁","suining","0516"
"濉溪Suixi0561","濉溪","suixi","0561"
"遂溪Suixi0759","遂溪","suixi","0759"
"宿松Susong0556","宿松","susong","0556"
"宿豫Suyu0527","宿豫","suyu","0527"
"太仓Taicang0512","太仓","taicang","0512"
"太和Taihe0558","太和","taihe","0558"
"泰和Taihe0796","泰和","taihe","0796"
"太湖Taihu0556","太湖","taihu","0556"
"泰宁Taining0598","泰宁","taining","0598"
"台山Taishan0750","台山","taishan","0750"
"泰顺Taishun0577","泰顺","taishun","0577"
"泰兴Taixing0523","泰兴","taixing","0523"
"郯城Tancheng0539","郯城","tancheng","0539"
"唐海Tanghai0315","唐海","tanghai","0315"
"滕州Tengzhou0623","滕州","tengzhou","0623"
"天长Tianchang0550","天长","tianchang","0550"
"天台Tiantai0576","天台","tiantai","0576"
"桐城Tongcheng0556","桐城","tongcheng","0556"
"铜鼓Tonggu0795","铜鼓","tonggu","0795"
"通河Tonghe0451","通河","tonghe","0451"
"铜梁Tongliang023","铜梁","tongliang","023"
"铜陵Tongling0562","铜陵","tongling","0562"
"桐庐Tonglu0571","桐庐","tonglu","0571"
"潼南Tongnan023","潼南","tongnan","023"
"铜山Tongshan0516","铜山","tongshan","0516"
"桐乡Tongxiang0573","桐乡","tongxiang","0573"
"通州Tongzhou0513","通州","tongzhou","0513"
"瓦房店Wafangdian0411","瓦房店","wafangdian","0411"
"万安Wanan0796","万安","wanan","0796"
"望城Wangcheng0731","望城","wangcheng","0731"
"望江Wangjiang0556","望江","wangjiang","0556"
"万年Wannian0793","万年","wannian","0793"
"万载Wanzai0795","万载","wanzai","0795"
"微山Weishan0537","微山","weishan","0537"
"文成Wencheng0577","文成","wencheng","0577"
"文登Wendeng0631","文登","wendeng","0631"
"翁源Wengyuan0751","翁源","wengyuan","0751"
"温岭Wenling0576","温岭","wenling","0576"
"汶上Wenshang0537","汶上","wenshang","0537"
"温县Wenxian0391","温县","wenxian","0391"
"涡阳Woyang0558","涡阳","woyang","0558"
"五常Wuchang0451","五常","wuchang","0451"
"武城Wucheng0534","武城","wucheng","0534"
"吴川Wuchuan0759","吴川","wuchuan","0759"
"无棣Wudi0543","无棣","wudi","0543"
"五河Wuhe0552","五河","wuhe","0552"
"芜湖Wuhu0553","芜湖","wuhu","0553"
"五华Wuhua0753","五华","wuhua","0753"
"无极Wuji0311","无极","wuji","0311"
"吴江Wujiang0512","吴江","wujiang","0512"
"五莲Wulian0633","五莲","wulian","0633"
"武隆Wulong023","武隆","wulong","023"
"武鸣Wuming0771","武鸣","wuming","0771"
"武宁Wuning0792","武宁","wuning","0792"
"武平Wuping0597","武平","wuping","0597"
"巫山Wushan023","巫山","wushan","023"
"无为Wuwei0565","无为","wuwei","0565"
"巫溪Wuxi023","巫溪","wuxi","023"
"武义Wuyi0579","武义","wuyi","0579"
"武夷山Wuyishan0599","武夷山","wuyishan","0599"
"婺源Wuyuan0793","婺源","wuyuan","0793"
"武陟Wuzhi0391","武陟","wuzhi","0391"
"峡江Xiajiang0796","峡江","xiajiang","0796"
"夏津Xiajin0534","夏津","xiajin","0534"
"象山Xiangshan0574","象山","xiangshan","0574"
"响水Xiangshui0515","响水","xiangshui","0515"
"仙居Xianju0576","仙居","xianju","0576"
"仙游Xianyou0594","仙游","xianyou","0594"
"萧县Xiaoxian0557","萧县","xiaoxian","0557"
"霞浦Xiapu0593","霞浦","xiapu","0593"
"息烽Xifeng0851","息烽","xifeng","0851"
"新安Xinan0379","新安","xinan","0379"
"新昌Xinchang0575","新昌","xinchang","0575"
"信丰Xinfeng0797","信丰","xinfeng","0797"
"新丰Xinfeng0751","新丰","xinfeng","0751"
"新干Xingan0796","新干","xingan","0796"
"兴国Xingguo0797","兴国","xingguo","0797"
"兴化Xinghua0523","兴化","xinghua","0523"
"兴宁Xingning0753","兴宁","xingning","0753"
"行唐Xingtang0311","行唐","xingtang","0311"
"荥阳Xingyang0371","荥阳","xingyang","0371"
"星子Xingzi0792","星子","xingzi","0792"
"辛集Xinji0311","辛集","xinji","0311"
"新建Xinjian0791","新建","xinjian","0791"
"新津Xinjin028","新津","xinjin","028"
"新乐Xinle0311","新乐","xinle","0311"
"新民Xinmin024","新民","xinmin","024"
"新密Xinmi0371","新密","xinmi","0371"
"新泰Xintai0538","新泰","xintai","0538"
"新兴Xinxing0766","新兴","xinxing","0766"
"新沂Xinyi0516","新沂","xinyi","0516"
"信宜Xinyi0668","信宜","xinyi","0668"
"新郑Xinzheng0371","新郑","xinzheng","0371"
"休宁Xiuning0559","休宁","xiuning","0559"
"秀山Xiushan023","秀山","xiushan","023"
"修水Xiushui0792","修水","xiushui","0792"
"修文Xiuwen0851","修文","xiuwen","0851"
"修武Xiuwu0391","修武","xiuwu","0391"
"寻甸Xundian0871","寻甸","xundian","0871"
"寻乌Xunwu0797","寻乌","xunwu","0797"
"徐闻Xuwen0759","徐闻","xuwen","0759"
"盱眙Xuyi0517","盱眙","xuyi","0517"
"阳春Yangchun0662","阳春","yangchun","0662"
"阳东Yangdong0662","阳东","yangdong","0662"
"阳谷Yanggu0635","阳谷","yanggu","0635"
"阳山Yangshan0763","阳山","yangshan","0763"
"阳信Yangxin0543","阳信","yangxin","0543"
"阳西Yangxi0662","阳西","yangxi","0662"
"扬中Yangzhong0511","扬中","yangzhong","0511"
"偃师Yanshi0379","偃师","yanshi","0379"
"延寿Yanshou0451","延寿","yanshou","0451"
"兖州Yanzhou0537","兖州","yanzhou","0537"
"伊川Yichuan0379","伊川","yichuan","0379"
"宜丰Yifeng0795","宜丰","yifeng","0795"
"宜黄Yihuang0794","宜黄","yihuang","0794"
"依兰Yilan0451","依兰","yilan","0451"
"宜良Yiliang0871","宜良","yiliang","0871"
"沂南Yinan0539","沂南","yinan","0539"
"英德Yingde0763","英德","yingde","0763"
"颍上Yingshang0558","颍上","yingshang","0558"
"沂水Yishui0539","沂水","yishui","0539"
"义乌Yiwu0579","义乌","yiwu","0579"
"黟县Yixian0559","黟县","yixian","0559"
"宜兴Yixing0510","宜兴","yixing","0510"
"弋阳Yiyang0793","弋阳","yiyang","0793"
"宜阳Yiyang0379","宜阳","yiyang","0379"
"沂源Yiyuan0533","沂源","yiyuan","0533"
"仪征Yizheng0514","仪征","yizheng","0514"
"永安Yongan0598","永安","yongan","0598"
"永川Yongchuan023","永川","yongchuan","023"
"永春Yongchun0595","永春","yongchun","0595"
"永登Yongdeng0931","永登","yongdeng","0931"
"永定Yongding0597","永定","yongding","0597"
"永丰Yongfeng0796","永丰","yongfeng","0796"
"永吉Yongji0423","永吉","yongji","0423"
"永嘉Yongjia0577","永嘉","yongjia","0577"
"永康Yongkang0579","永康","yongkang","0579"
"邕宁Yongning0771","邕宁","yongning","0771"
"永泰Yongtai0591","永泰","yongtai","0591"
"永新Yongxin0796","永新","yongxin","0796"
"永修Yongxiu0792","永修","yongxiu","0792"
"尤溪Youxi0598","尤溪","youxi","0598"
"酉阳Youyang023","酉阳","youyang","023"
"元氏Yuanshi0311","元氏","yuanshi","0311"
"禹城Yucheng0534","禹城","yucheng","0534"
"于都Yudu0797","于都","yudu","0797"
"岳西Yuexi0556","岳西","yuexi","0556"
"余干Yugan0793","余干","yugan","0793"
"玉环Yuhuan0576","玉环","yuhuan","0576"
"余江Yujiang0701","余江","yujiang","0701"
"郁南Yunan0766","郁南","yunan","0766"
"云安Yunan0766","云安","yunan","0766"
"郓城Yuncheng0530","郓城","yuncheng","0530"
"云和Yunhe0578","云和","yunhe","0578"
"云霄Yunxiao0596","云霄","yunxiao","0596"
"云阳Yunyang023","云阳","yunyang","023"
"玉山Yushan0793","玉山","yushan","0793"
"榆树Yushu0431","榆树","yushu","0431"
"鱼台Yutai0537","鱼台","yutai","0537"
"玉田Yutian0315","玉田","yutian","0315"
"余姚Yuyao0574","余姚","yuyao","0574"
"榆中Yuzhong0931","榆中","yuzhong","0931"
"赞皇Zanhuang0311","赞皇","zanhuang","0311"
"增城Zengcheng020","增城","zengcheng","020"
"张家港Zhangjiagang0512","张家港","zhangjiagang","0512"
"漳平Zhangping0597","漳平","zhangping","0597"
"漳浦Zhangpu0596","漳浦","zhangpu","0596"
"章丘Zhangqiu0531","章丘","zhangqiu","0531"
"樟树Zhangshu0795","樟树","zhangshu","0795"
"沾化Zhanhua0543","沾化","zhanhua","0543"
"赵县Zhaoxian0311","赵县","zhaoxian","0311"
"招远Zhaoyuan0535","招远","zhaoyuan","0535"
"正定Zhengding0311","正定","zhengding","0311"
"政和Zhenghe0599","政和","zhenghe","0599"
"柘荣Zherong0593","柘荣","zherong","0593"
"中牟Zhongmou0371","中牟","zhongmou","0371"
"忠县Zhongxian023","忠县","zhongxian","023"
"周宁Zhouning0593","周宁","zhouning","0593"
"周至Zhouzhi029","周至","zhouzhi","029"
"庄河Zhuanghe0411","庄河","zhuanghe","0411"
"诸城Zhucheng0536","诸城","zhucheng","0536"
"诸暨Zhuji0575","诸暨","zhuji","0575"
"紫金Zijin0762","紫金","zijin","0762"
"资溪Zixi0794","资溪","zixi","0794"
"邹城Zoucheng0537","邹城","zoucheng","0537"
"邹平Zouping0543","邹平","zouping","0543"
"遵化Zunhua0315","遵化","zunhua","0315"
